{
    "root_group": {
        "name": "",
        "path": "",
        "id": "d41d8cd98f00b204e9800998ecf8427e",
        "groups": {},
        "checks": {}
    },
    "metrics": {
        "iterations": {
            "count": 120682,
            "rate": 4022.472295261897
        },
        "http_req_waiting": {
            "med": 1.8909175,
            "max": 27.091143,
            "p(90)": 3.7624101000000003,
            "p(95)": 4.5116289499999995,
            "avg": 2.389169894027245,
            "min": 0.338904
        },
        "vus": {
            "max": 10,
            "value": 10,
            "min": 10
        },
        "http_req_duration{expected_response:true}": {
            "med": 1.9257374999999999,
            "max": 27.147554,
            "p(90)": 3.801413,
            "p(95)": 4.574012849999999,
            "avg": 2.4306205503306204,
            "min": 0.380804
        },
        "http_req_receiving": {
            "avg": 0.0319024176182032,
            "min": 0.013984,
            "med": 0.026377,
            "max": 7.466162,
            "p(90)": 0.043534,
            "p(95)": 0.05112659999999997
        },
        "http_req_duration": {
            "min": 0.380804,
            "med": 1.9257374999999999,
            "max": 27.147554,
            "p(90)": 3.801413,
            "p(95)": 4.574012849999999,
            "avg": 2.4306205503306204
        },
        "http_req_sending": {
            "max": 14.697965,
            "p(90)": 0.013729900000000008,
            "p(95)": 0.016891899999999994,
            "avg": 0.009548238685139316,
            "min": 0.004594,
            "med": 0.007129
        },
        "data_sent": {
            "count": 10137288,
            "rate": 337887.6728019994
        },
        "vus_max": {
            "min": 10,
            "max": 10,
            "value": 10
        },
        "http_req_tls_handshaking": {
            "avg": 0,
            "min": 0,
            "med": 0,
            "max": 0,
            "p(90)": 0,
            "p(95)": 0
        },
        "iteration_duration": {
            "p(90)": 3.8463185000000006,
            "p(95)": 4.642844149999999,
            "avg": 2.4767315877595797,
            "min": 0.435958,
            "med": 1.9651365,
            "max": 27.216621
        },
        "data_received": {
            "count": 27756860,
            "rate": 925168.6279102364
        },
        "http_reqs": {
            "count": 120682,
            "rate": 4022.472295261897
        },
        "http_req_failed": {
            "passes": 0,
            "fails": 120682,
            "value": 0
        },
        "http_req_blocked": {
            "max": 2.116782,
            "p(90)": 0.002932,
            "p(95)": 0.003652,
            "avg": 0.002059967551084641,
            "min": 0.00096,
            "med": 0.001547
        },
        "http_req_connecting": {
            "max": 0.551366,
            "p(90)": 0,
            "p(95)": 0,
            "avg": 0.000012047248139739147,
            "min": 0,
            "med": 0
        }
    }
}